metric,value
test_rmse_log,1.0584928425160784
test_rmse_var,0.0006455496913434245
test_mae_var,0.0003867578538640202
test_qlike,0.4466729323526748
n_test_forecasts,469.0
