metric,value
test_rmse_log,1.0184189272548907
test_rmse_var,0.0006352445631898629
test_mae_var,0.00038126536325286636
test_qlike,0.4272922919990477
n_test_forecasts,469.0
